﻿<?xml version="1.0" encoding="utf-8"?>
<VarXML>
	<Var name="Convex Hull Points" type="list">
		<Var name="" type="list">
			<Var name="x" type="int" minval="" maxval="">
				119
			</Var>
			<Var name="y" type="int" minval="" maxval="">
				27
			</Var>
		</Var>
		<Var name="" type="list">
			<Var name="x" type="int" minval="" maxval="">
				102
			</Var>
			<Var name="y" type="int" minval="" maxval="">
				1822
			</Var>
		</Var>
		<Var name="" type="list">
			<Var name="x" type="int" minval="" maxval="">
				2419
			</Var>
			<Var name="y" type="int" minval="" maxval="">
				1849
			</Var>
		</Var>
		<Var name="" type="list">
			<Var name="x" type="int" minval="" maxval="">
				2373
			</Var>
			<Var name="y" type="int" minval="" maxval="">
				23
			</Var>
		</Var>
	</Var>
</VarXML>
