﻿<?xml version="1.0" encoding="utf-8"?>
<VarXML>
	<Var name="Convex Hull Points" type="list">
		<Var name="" type="list">
			<Var name="x" type="int" minval="" maxval="">
				2431
			</Var>
			<Var name="y" type="int" minval="" maxval="">
				1876
			</Var>
		</Var>
		<Var name="" type="list">
			<Var name="x" type="int" minval="" maxval="">
				77
			</Var>
			<Var name="y" type="int" minval="" maxval="">
				1853
			</Var>
		</Var>
		<Var name="" type="list">
			<Var name="x" type="int" minval="" maxval="">
				105
			</Var>
			<Var name="y" type="int" minval="" maxval="">
				5
			</Var>
		</Var>
		<Var name="" type="list">
			<Var name="x" type="int" minval="" maxval="">
				2402
			</Var>
			<Var name="y" type="int" minval="" maxval="">
				5
			</Var>
		</Var>
	</Var>
</VarXML>
